{"current_mesh": {"name": "60B922", "probed_matrix": [[0.252251, 0.252251, 0.252251, 0.252251, 0.252251, 0.252251, 0.252251, 0.252251, 0.252251], [0.209515, 0.209515, 0.209515, 0.193767, 0.220915, 0.239847, 0.257636, 0.257636, 0.257636], [0.224715, 0.224715, 0.182119, 0.186081, 0.216895, 0.253781, 0.274824, 0.283525, 0.283525], [0.209408, 0.209408, 0.192825, 0.199196, 0.233376, 0.253351, 0.283785, 0.276789, 0.276789], [0.213655, 0.197058, 0.215651, 0.239992, 0.25153, 0.263335, 0.275491, 0.235745, 0.189113], [0.216795, 0.216795, 0.230504, 0.251677, 0.268973, 0.262132, 0.256494, 0.229828, 0.229828], [0.236262, 0.236262, 0.238265, 0.271165, 0.275532, 0.265937, 0.243525, 0.192749, 0.192749], [0.248563, 0.248563, 0.248563, 0.268706, 0.269337, 0.258846, 0.240959, 0.240959, 0.240959], [0.227108, 0.227108, 0.227108, 0.227108, 0.227108, 0.227108, 0.227108, 0.227108, 0.227108]], "mesh_matrix": [[0.252251, 0.252251, 0.252251, 0.252251, 0.252251, 0.252251, 0.252251, 0.252251, 0.252251, 0.252251, 0.252251, 0.252251, 0.252251, 0.252251, 0.252251, 0.252251, 0.252251, 0.252251, 0.252251, 0.252251, 0.252251, 0.252251, 0.252251, 0.252251, 0.252251], [0.240313, 0.240304, 0.240294, 0.240313, 0.240554, 0.240908, 0.240944, 0.23959, 0.237389, 0.236336, 0.238151, 0.241484, 0.243722, 0.245219, 0.247262, 0.248645, 0.250116, 0.252226, 0.253472, 0.25358, 0.25345, 0.253343, 0.25334, 0.253341, 0.253343], [0.220777, 0.220759, 0.22074, 0.220777, 0.221301, 0.22205, 0.22204, 0.218493, 0.212755, 0.210024, 0.214843, 0.223682, 0.229622, 0.233634, 0.239123, 0.242834, 0.246742, 0.252341, 0.255651, 0.25596, 0.255654, 0.255393, 0.255385, 0.255389, 0.255393], [0.209515, 0.209515, 0.209515, 0.209515, 0.209748, 0.209982, 0.209515, 0.204797, 0.197279, 0.193767, 0.20046, 0.21268, 0.220915, 0.226645, 0.234533, 0.239847, 0.245283, 0.253041, 0.257636, 0.258163, 0.2579, 0.257636, 0.257636, 0.257636, 0.257636], [0.212641, 0.21282, 0.212999, 0.212641, 0.209497, 0.204208, 0.200582, 0.196823, 0.191671, 0.189733, 0.196969, 0.209826, 0.218641, 0.225974, 0.236408, 0.243305, 0.249223, 0.257435, 0.262374, 0.263656, 0.264556, 0.264991, 0.265068, 0.26503, 0.264991], [0.220369, 0.220839, 0.221309, 0.220369, 0.211709, 0.197415, 0.188677, 0.186814, 0.186049, 0.186933, 0.194649, 0.207795, 0.217044, 0.226613, 0.240665, 0.249791, 0.25618, 0.264693, 0.269927, 0.272383, 0.275149, 0.276709, 0.27691, 0.276809, 0.276709], [0.224715, 0.225346, 0.225977, 0.224715, 0.212982, 0.193676, 0.182119, 0.181486, 0.183451, 0.186081, 0.194097, 0.207415, 0.216895, 0.227606, 0.243505, 0.253781, 0.260512, 0.269345, 0.274824, 0.277832, 0.281452, 0.283525, 0.283783, 0.283654, 0.283525], [0.220907, 0.221526, 0.222189, 0.221153, 0.210878, 0.19397, 0.183903, 0.183677, 0.185984, 0.188843, 0.197322, 0.211302, 0.221024, 0.23064, 0.244676, 0.253928, 0.2614, 0.271674, 0.277912, 0.280022, 0.28198, 0.283054, 0.283396, 0.283632, 0.283745], [0.213703, 0.214213, 0.214812, 0.214194, 0.20717, 0.195611, 0.188809, 0.189052, 0.191397, 0.194279, 0.203383, 0.218285, 0.228262, 0.235731, 0.246156, 0.253379, 0.261945, 0.274451, 0.281829, 0.282215, 0.281052, 0.280235, 0.280566, 0.281214, 0.281617], [0.209408, 0.209654, 0.209899, 0.209408, 0.204769, 0.197181, 0.192825, 0.193573, 0.196191, 0.199196, 0.208457, 0.223511, 0.233376, 0.239412, 0.247481, 0.253351, 0.262388, 0.275947, 0.283785, 0.282769, 0.279157, 0.276789, 0.276582, 0.276685, 0.276789], [0.210072, 0.208848, 0.206772, 0.205277, 0.203294, 0.200441, 0.199178, 0.201711, 0.206545, 0.210593, 0.218342, 0.230561, 0.238581, 0.243825, 0.250938, 0.256092, 0.263974, 0.275694, 0.282059, 0.27847, 0.27077, 0.265428, 0.261243, 0.255402, 0.251957], [0.212171, 0.208594, 0.202787, 0.199631, 0.201569, 0.20575, 0.209114, 0.21449, 0.22292, 0.228659, 0.233856, 0.241316, 0.246282, 0.250472, 0.256429, 0.260628, 0.266405, 0.274715, 0.27846, 0.270907, 0.256981, 0.24707, 0.236483, 0.221028, 0.211837], [0.213655, 0.208831, 0.201056, 0.197058, 0.201301, 0.209588, 0.215651, 0.222702, 0.233254, 0.239992, 0.243701, 0.248379, 0.25153, 0.254927, 0.25991, 0.263335, 0.267605, 0.273512, 0.275491, 0.265649, 0.2482, 0.235745, 0.221787, 0.201305, 0.189113], [0.214353, 0.210643, 0.204703, 0.201813, 0.206151, 0.214329, 0.220283, 0.227175, 0.237482, 0.244115, 0.248188, 0.253449, 0.256751, 0.258802, 0.261445, 0.263245, 0.265897, 0.269502, 0.270231, 0.260881, 0.244683, 0.233457, 0.22271, 0.207335, 0.198223], [0.215421, 0.213871, 0.211468, 0.210626, 0.21452, 0.221458, 0.226541, 0.232798, 0.242251, 0.248501, 0.253499, 0.260324, 0.264267, 0.264257, 0.263231, 0.262497, 0.262743, 0.262972, 0.261962, 0.253918, 0.24056, 0.23194, 0.227359, 0.221716, 0.218469], [0.216795, 0.216592, 0.216389, 0.216795, 0.220239, 0.226119, 0.230504, 0.236457, 0.245565, 0.251677, 0.257146, 0.264749, 0.268973, 0.267694, 0.26443, 0.262132, 0.260779, 0.258728, 0.256494, 0.249018, 0.237053, 0.229828, 0.229038, 0.229433, 0.229828], [0.222041, 0.222022, 0.22209, 0.222533, 0.225031, 0.229354, 0.232919, 0.239729, 0.250431, 0.257401, 0.262078, 0.268152, 0.271379, 0.269724, 0.266002, 0.263244, 0.260533, 0.256259, 0.252415, 0.242854, 0.227794, 0.218776, 0.218158, 0.219281, 0.220158], [0.230609, 0.230599, 0.230633, 0.230855, 0.231842, 0.233742, 0.236053, 0.244314, 0.25768, 0.26607, 0.269316, 0.272669, 0.274176, 0.272195, 0.268237, 0.265086, 0.260499, 0.253078, 0.246874, 0.23386, 0.21357, 0.201395, 0.200237, 0.201223, 0.202086], [0.236262, 0.236232, 0.236203, 0.236262, 0.236324, 0.236741, 0.238265, 0.247277, 0.262048, 0.271165, 0.273479, 0.275107, 0.275532, 0.273364, 0.269295, 0.265937, 0.260262, 0.25103, 0.243525, 0.228945, 0.206333, 0.192749, 0.191245, 0.191997, 0.192749], [0.240528, 0.240512, 0.240495, 0.240528, 0.240386, 0.240441, 0.241635, 0.24986, 0.263377, 0.271685, 0.273538, 0.274584, 0.274654, 0.272305, 0.268032, 0.264576, 0.258823, 0.249618, 0.242643, 0.231695, 0.215042, 0.205069, 0.203955, 0.204512, 0.205069], [0.246116, 0.24611, 0.246105, 0.246116, 0.245857, 0.245665, 0.246491, 0.253171, 0.264173, 0.270901, 0.272188, 0.272653, 0.272383, 0.269818, 0.265302, 0.261786, 0.256228, 0.247602, 0.241881, 0.237379, 0.231224, 0.227607, 0.227184, 0.227396, 0.227607], [0.248563, 0.248563, 0.248563, 0.248563, 0.248265, 0.247966, 0.248563, 0.254074, 0.263167, 0.268706, 0.269631, 0.269773, 0.269337, 0.266745, 0.262261, 0.258846, 0.253633, 0.245706, 0.240959, 0.240429, 0.240694, 0.240959, 0.240959, 0.240959, 0.240959], [0.243047, 0.243048, 0.243049, 0.243047, 0.24282, 0.242582, 0.242988, 0.246885, 0.253317, 0.257232, 0.257863, 0.257922, 0.25758, 0.255686, 0.252418, 0.249937, 0.246167, 0.240451, 0.237087, 0.237118, 0.237989, 0.238591, 0.238636, 0.238614, 0.238591], [0.23317, 0.233171, 0.233171, 0.23317, 0.233083, 0.232991, 0.233141, 0.234599, 0.237007, 0.238473, 0.238706, 0.238722, 0.23859, 0.237874, 0.236638, 0.235702, 0.23428, 0.232126, 0.230866, 0.230929, 0.231341, 0.231618, 0.231641, 0.23163, 0.231618], [0.227108, 0.227108, 0.227108, 0.227108, 0.227108, 0.227108, 0.227108, 0.227108, 0.227108, 0.227108, 0.227108, 0.227108, 0.227108, 0.227108, 0.227108, 0.227108, 0.227108, 0.227108, 0.227108, 0.227108, 0.227108, 0.227108, 0.227108, 0.227108, 0.227108]], "mesh_params": {"min_x": -90.0, "max_x": 90.0, "min_y": -90.0, "max_y": 90.0, "x_count": 9, "y_count": 9, "mesh_x_pps": 2, "mesh_y_pps": 2, "algo": "bicubic", "tension": 0.2}}, "profiles": {"45LA533": {"points": [[0.179751, 0.179751, 0.179751, 0.179751, 0.179751], [0.124619, 0.124619, 0.154395, 0.217324, 0.217324], [0.151155, 0.160651, 0.19653, 0.215491, 0.129113], [0.180765, 0.180765, 0.225532, 0.196025, 0.196025], [0.184608, 0.184608, 0.184608, 0.184608, 0.184608]], "mesh_params": {"min_x": -90.0, "max_x": 90.0, "min_y": -90.0, "max_y": 90.0, "x_count": 5, "y_count": 5, "mesh_x_pps": 3, "mesh_y_pps": 3, "algo": "lagrange", "tension": 0.2}},